站点名,站点类型
宿主站1,1
宿主站2,1
宿主站3,1
宿主站4,1
宿主站5,1
宿主站6,1
宿主站7,1
宿主站8,1
宿主站9,1
宿主站10,1
宿主站11,1
宿主站12,1
宿主站13,1
宿主站14,1
宿主站15,1
宿主站16,1
宿主站17,1
宿主站18,1
宿主站19,1
宿主站20,1
宿主站21,1
宿主站22,1
宿主站23,1
宿主站24,1
宿主站25,1
宿主站26,1
宿主站27,1
宿主站28,1
宿主站29,1
宿主站30,1
宿主站31,1
宿主站32,1
宿主站33,1
宿主站34,1
宿主站35,1
宿主站36,1
宿主站37,1
宿主站38,1
宿主站39,1
宿主站40,1
宿主站41,1
宿主站42,1
宿主站43,1
宿主站44,1
宿主站45,1
宿主站46,1
宿主站47,1
宿主站48,1
宿主站49,1
宿主站50,1
宿主站51,1
宿主站52,1
宿主站53,1
宿主站54,1
宿主站55,1
宿主站56,1
宿主站57,1
宿主站58,1
宿主站59,1
宿主站60,1
宿主站61,1
宿主站62,1
宿主站63,1
宿主站64,1
宿主站65,1
宿主站66,1
宿主站67,1
宿主站68,1
宿主站69,1
宿主站70,1
宿主站71,1
宿主站72,1
宿主站73,1
宿主站74,1
宿主站75,1
宿主站76,1
宿主站77,1
宿主站78,1
宿主站79,1
宿主站80,1
宿主站81,1
宿主站82,1
宿主站83,1
宿主站84,1
宿主站85,1
宿主站86,1
宿主站87,1
宿主站88,1
宿主站89,1
宿主站90,1
宿主站91,1
宿主站92,1
宿主站93,1
宿主站94,1
宿主站95,1
宿主站96,1
宿主站97,1
宿主站98,1
宿主站99,1
宿主站100,1
宿主站101,1
宿主站102,1
宿主站103,1
宿主站104,1
宿主站105,1
宿主站106,1
宿主站107,1
宿主站108,1
宿主站109,1
宿主站110,1
宿主站111,1
宿主站112,1
宿主站113,1
宿主站114,1
宿主站115,1
宿主站116,1
宿主站117,1
子站1,0
子站2,0
子站3,0
子站4,0
子站5,0
子站6,0
子站7,0
子站8,0
子站9,0
子站10,0
子站11,0
子站12,0
子站13,0
子站14,0
子站15,0
子站16,0
子站17,0
子站18,0
子站19,0
子站20,0
子站21,0
子站22,0
子站23,0
子站24,0
子站25,0
子站26,0
子站27,0
子站28,0
子站29,0
子站30,0
子站31,0
子站32,0
子站33,0
子站34,0
子站35,0
子站36,0
子站37,0
子站38,0
子站39,0
子站40,0
子站41,0
子站42,0
子站43,0
子站44,0
子站45,0
子站46,0
子站47,0
子站48,0
子站49,0
子站50,0
子站51,0
子站52,0
子站53,0
子站54,0
子站55,0
子站56,0
子站57,0
子站58,0
子站59,0
子站60,0
子站61,0
子站62,0
子站63,0
子站64,0
子站65,0
子站66,0
子站67,0
子站68,0
子站69,0
子站70,0
子站71,0
子站72,0
子站73,0
子站74,0
子站75,0
子站76,0
子站77,0
子站78,0
子站79,0
子站80,0
子站81,0
子站82,0
子站83,0
子站84,0
子站85,0
子站86,0
子站87,0
子站88,0
子站89,0
子站90,0
子站91,0
子站92,0
子站93,0
子站94,0
子站95,0
子站96,0
子站97,0
子站98,0
子站99,0
子站100,0
子站101,0
子站102,0
子站103,0
子站104,0
子站105,0
子站106,0
子站107,0
子站108,0
子站109,0
子站110,0
子站111,0
子站112,0
子站113,0
子站114,0
子站115,0
子站116,0
子站117,0
子站118,0
子站119,0
子站120,0
子站121,0
子站122,0
子站123,0
子站124,0
子站125,0
子站126,0
子站127,0
子站128,0
子站129,0
子站130,0
子站131,0
子站132,0
子站133,0
子站134,0
子站135,0
子站136,0
子站137,0
子站138,0
子站139,0
子站140,0
子站141,0
子站142,0
子站143,0
子站144,0
子站145,0
子站146,0
子站147,0
子站148,0
子站149,0
子站150,0
子站151,0
子站152,0
子站153,0
子站154,0
子站155,0
子站156,0
子站157,0
子站158,0
子站159,0
子站160,0
子站161,0
子站162,0
子站163,0
子站164,0
子站165,0
子站166,0
子站167,0
子站168,0
子站169,0
子站170,0
子站171,0
子站172,0
子站173,0
子站174,0
子站175,0
子站176,0
子站177,0
子站178,0
子站179,0
子站180,0
子站181,0
子站182,0
子站183,0
子站184,0
子站185,0
子站186,0
子站187,0
子站188,0
子站189,0
子站190,0
子站191,0
子站192,0
子站193,0
子站194,0
子站195,0
子站196,0
子站197,0
子站198,0
子站199,0
子站200,0
子站201,0
子站202,0
子站203,0
子站204,0
子站205,0
子站206,0
子站207,0
子站208,0
子站209,0
子站210,0
子站211,0
子站212,0
子站213,0
子站214,0
子站215,0
子站216,0
子站217,0
子站218,0
子站219,0
子站220,0
子站221,0
子站222,0
子站223,0
子站224,0
子站225,0
子站226,0
子站227,0
子站228,0
子站229,0
子站230,0
子站231,0
子站232,0
子站233,0
子站234,0
子站235,0
子站236,0
子站237,0
子站238,0
子站239,0
子站240,0
子站241,0
子站242,0
子站243,0
子站244,0
子站245,0
子站246,0
子站247,0
子站248,0
子站249,0
子站250,0
子站251,0
子站252,0
子站253,0
子站254,0
子站255,0
子站256,0
子站257,0
子站258,0
子站259,0
子站260,0
子站261,0
子站262,0
子站263,0
子站264,0
子站265,0
子站266,0
子站267,0
子站268,0
子站269,0
子站270,0
子站271,0
子站272,0
子站273,0
子站274,0
子站275,0
子站276,0
子站277,0
子站278,0
子站279,0
子站280,0
子站281,0
子站282,0
子站283,0
子站284,0
子站285,0
子站286,0
子站287,0
子站288,0
子站289,0
子站290,0
子站291,0
子站292,0
子站293,0
子站294,0
子站295,0
子站296,0
子站297,0
子站298,0
子站299,0
子站300,0
子站301,0
子站302,0
子站303,0
子站304,0
子站305,0
子站306,0
子站307,0
子站308,0
子站309,0
子站310,0
子站311,0
子站312,0
子站313,0
子站314,0
子站315,0
子站316,0
子站317,0
子站318,0
子站319,0
子站320,0
子站321,0
子站322,0
子站323,0
子站324,0
子站325,0
子站326,0
子站327,0
子站328,0
子站329,0
子站330,0
子站331,0
子站332,0
子站333,0
子站334,0
子站335,0
子站336,0
子站337,0
子站338,0
子站339,0
子站340,0
子站341,0
子站342,0
子站343,0
子站344,0
子站345,0
子站346,0
子站347,0
子站348,0
子站349,0
子站350,0
子站351,0
子站352,0
子站353,0
子站354,0
子站355,0
子站356,0
子站357,0
子站358,0
子站359,0
子站360,0
子站361,0
子站362,0
子站363,0
子站364,0
子站365,0
子站366,0
子站367,0
子站368,0
子站369,0
子站370,0
子站371,0
子站372,0
子站373,0
子站374,0
子站375,0
子站376,0
子站377,0
子站378,0
子站379,0
子站380,0
子站381,0
子站382,0
子站383,0
子站384,0
子站385,0
子站386,0
子站387,0
子站388,0
子站389,0
子站390,0
子站391,0
子站392,0
子站393,0
子站394,0
子站395,0
子站396,0
子站397,0
子站398,0
子站399,0
子站400,0
子站401,0
子站402,0
子站403,0
子站404,0
子站405,0
子站406,0
子站407,0
子站408,0
子站409,0
子站410,0
子站411,0
子站412,0
子站413,0
子站414,0
子站415,0
子站416,0
子站417,0
子站418,0
子站419,0
子站420,0
子站421,0
子站422,0
子站423,0
子站424,0
子站425,0
子站426,0
子站427,0
子站428,0
子站429,0
子站430,0
子站431,0
子站432,0
子站433,0
子站434,0
子站435,0
子站436,0
子站437,0
子站438,0
子站439,0
子站440,0
子站441,0
子站442,0
子站443,0
子站444,0
子站445,0
子站446,0
子站447,0
子站448,0
子站449,0
子站450,0
子站451,0
子站452,0
子站453,0
子站454,0
子站455,0
子站456,0
子站457,0
子站458,0
子站459,0
子站460,0
子站461,0
子站462,0
子站463,0
子站464,0
子站465,0
子站466,0
子站467,0
子站468,0
子站469,0
子站470,0
子站471,0
子站472,0
子站473,0
子站474,0
子站475,0
子站476,0
子站477,0
子站478,0
子站479,0
子站480,0
子站481,0
子站482,0
子站483,0
子站484,0
子站485,0
子站486,0
子站487,0
子站488,0
子站489,0
子站490,0
子站491,0
子站492,0
子站493,0
子站494,0
子站495,0
子站496,0
子站497,0
子站498,0
子站499,0
子站500,0
子站501,0
子站502,0
子站503,0
子站504,0
子站505,0
子站506,0
子站507,0
子站508,0
子站509,0
子站510,0
子站511,0
子站512,0
子站513,0
子站514,0
子站515,0
子站516,0
子站517,0
子站518,0
子站519,0
子站520,0
子站521,0
子站522,0
子站523,0
子站524,0
子站525,0
子站526,0
子站527,0
子站528,0
子站529,0
子站530,0
子站531,0
子站532,0
子站533,0
子站534,0
子站535,0
子站536,0
子站537,0
子站538,0
子站539,0
子站540,0
子站541,0
子站542,0
子站543,0
子站544,0
子站545,0
子站546,0
子站547,0
子站548,0
子站549,0
子站550,0
子站551,0
子站552,0
子站553,0
子站554,0
子站555,0
子站556,0
子站557,0
子站558,0
子站559,0
子站560,0
子站561,0
子站562,0
子站563,0
子站564,0
子站565,0
子站566,0
子站567,0
子站568,0
子站569,0
子站570,0
子站571,0
子站572,0
子站573,0
子站574,0
子站575,0
子站576,0
子站577,0
子站578,0
子站579,0
子站580,0
子站581,0
子站582,0
子站583,0
子站584,0
子站585,0
子站586,0
子站587,0
子站588,0
子站589,0
子站590,0
子站591,0
子站592,0
子站593,0
子站594,0
子站595,0
子站596,0
子站597,0
子站598,0
子站599,0
子站600,0
子站601,0
子站602,0
子站603,0
子站604,0
子站605,0
子站606,0
子站607,0
子站608,0
子站609,0
子站610,0
子站611,0
子站612,0
子站613,0
子站614,0
子站615,0
子站616,0
子站617,0
子站618,0
子站619,0
子站620,0
子站621,0
子站622,0
子站623,0
子站624,0
子站625,0
子站626,0
子站627,0
子站628,0
子站629,0
子站630,0
子站631,0
子站632,0
子站633,0
子站634,0
子站635,0
子站636,0
子站637,0
子站638,0
子站639,0
子站640,0
子站641,0
子站642,0
子站643,0
子站644,0
子站645,0
子站646,0
子站647,0
子站648,0
子站649,0
子站650,0
子站651,0
子站652,0
子站653,0
子站654,0
子站655,0
子站656,0
子站657,0
子站658,0
子站659,0
子站660,0
子站661,0
子站662,0
子站663,0
子站664,0
子站665,0
子站666,0
子站667,0
子站668,0
子站669,0
子站670,0
子站671,0
子站672,0
子站673,0
子站674,0
子站675,0
子站676,0
子站677,0
子站678,0
子站679,0
子站680,0
子站681,0
子站682,0
子站683,0
子站684,0
子站685,0
子站686,0
子站687,0
子站688,0
子站689,0
子站690,0
子站691,0
子站692,0
子站693,0
子站694,0
子站695,0
子站696,0
子站697,0
子站698,0
子站699,0
子站700,0
子站701,0
子站702,0
子站703,0
子站704,0
子站705,0
子站706,0
子站707,0
子站708,0
子站709,0
子站710,0
子站711,0
子站712,0
子站713,0
子站714,0
子站715,0
子站716,0
子站717,0
子站718,0
子站719,0
子站720,0
子站721,0
子站722,0
子站723,0
子站724,0
子站725,0
子站726,0
子站727,0
子站728,0
子站729,0
子站730,0
子站731,0
子站732,0
子站733,0
子站734,0
子站735,0
子站736,0
子站737,0
子站738,0
子站739,0
子站740,0
子站741,0
子站742,0
子站743,0
子站744,0
子站745,0
子站746,0
子站747,0
子站748,0
子站749,0
子站750,0
子站751,0
子站752,0
子站753,0
子站754,0
子站755,0
子站756,0
子站757,0
子站758,0
子站759,0
子站760,0
子站761,0
子站762,0
子站763,0
子站764,0
子站765,0
子站766,0
子站767,0
子站768,0
子站769,0
子站770,0
子站771,0
子站772,0
子站773,0
子站774,0
子站775,0
子站776,0
子站777,0
子站778,0
子站779,0
子站780,0
子站781,0
子站782,0
子站783,0
子站784,0
子站785,0
子站786,0
子站787,0
子站788,0
子站789,0
子站790,0
子站791,0
子站792,0
子站793,0
子站794,0
子站795,0
子站796,0
子站797,0
子站798,0
子站799,0
子站800,0
子站801,0
子站802,0
子站803,0
子站804,0
子站805,0
子站806,0
子站807,0
子站808,0
子站809,0
子站810,0
子站811,0
子站812,0
子站813,0
子站814,0
子站815,0
子站816,0
子站817,0
子站818,0
子站819,0
子站820,0
子站821,0
子站822,0
子站823,0
子站824,0
子站825,0
子站826,0
子站827,0
子站828,0
子站829,0
子站830,0
子站831,0
子站832,0
子站833,0
子站834,0
子站835,0
子站836,0
子站837,0
子站838,0
子站839,0
子站840,0
子站841,0
子站842,0
子站843,0
子站844,0
子站845,0
子站846,0
子站847,0
子站848,0
子站849,0
子站850,0
子站851,0
子站852,0
子站853,0
子站854,0
子站855,0
子站856,0
子站857,0
子站858,0
子站859,0
子站860,0
子站861,0
子站862,0
子站863,0
子站864,0
子站865,0
子站866,0
子站867,0
子站868,0
子站869,0
子站870,0
子站871,0
子站872,0
子站873,0
子站874,0
子站875,0
子站876,0
子站877,0
子站878,0
子站879,0
子站880,0
子站881,0
子站882,0
子站883,0
子站884,0
子站885,0
子站886,0
子站887,0
子站888,0
子站889,0
子站890,0
子站891,0
子站892,0
子站893,0
子站894,0
子站895,0
子站896,0
子站897,0
子站898,0
子站899,0
子站900,0
子站901,0
子站902,0
子站903,0
子站904,0
子站905,0
子站906,0
子站907,0
子站908,0
子站909,0
子站910,0
子站911,0
子站912,0
子站913,0
子站914,0
子站915,0
子站916,0
子站917,0
子站918,0
子站919,0
子站920,0
子站921,0
子站922,0
子站923,0
子站924,0
子站925,0
子站926,0
子站927,0
子站928,0
子站929,0
子站930,0
子站931,0
子站932,0
子站933,0
子站934,0
子站935,0
子站936,0
子站937,0
子站938,0
子站939,0
子站940,0
子站941,0
子站942,0
子站943,0
子站944,0
子站945,0
子站946,0
子站947,0
子站948,0
子站949,0
子站950,0
子站951,0
子站952,0
子站953,0
子站954,0
子站955,0
子站956,0
子站957,0
子站958,0
子站959,0
子站960,0
子站961,0
子站962,0
子站963,0
子站964,0
子站965,0
子站966,0
子站967,0
子站968,0
子站969,0
子站970,0
子站971,0
子站972,0
子站973,0
子站974,0
子站975,0
子站976,0
子站977,0
子站978,0
子站979,0
子站980,0
子站981,0
子站982,0
子站983,0
子站984,0
子站985,0
子站986,0
子站987,0
子站988,0
子站989,0
子站990,0
子站991,0
子站992,0
子站993,0
子站994,0
子站995,0
子站996,0
子站997,0
子站998,0
子站999,0
子站1000,0
